{
  "runs": {
    "2026-03-28T04:16:03Z|0768438fe1519fc7ff4e8aa3c62ff2def5db4596": {
      "commit": "0768438fe1519fc7ff4e8aa3c62ff2def5db4596",
      "config": {
        "gblinear_lambd": 0.01,
        "gblinear_lr": 0.5,
        "lgb_params": {},
        "n_features": 32,
        "n_rounds": 100,
        "n_samples": 3000,
        "num_threads": 1,
        "output_dim": 1,
        "predict_passes": 50,
        "repeats": 10,
        "seed": 2026,
        "xgb_params": {}
      },
      "git_dirty": true,
      "results": [
        {
          "final_loss_mean": 0.12129667401313782,
          "final_loss_std": 0.0,
          "fit_mean_s": 0.35115592909860427,
          "fit_ms_per_round": 3.5115592909860425,
          "fit_std_s": 0.04304300316578988,
          "module": "XGBModule",
          "predict_mean_ms": 0.1113160880340729,
          "predict_std_ms": 0.1943729522367963,
          "raw_final_losses": [
            0.12129667401313782,
            0.12129667401313782,
            0.12129667401313782,
            0.12129667401313782,
            0.12129667401313782,
            0.12129667401313782,
            0.12129667401313782,
            0.12129667401313782,
            0.12129667401313782,
            0.12129667401313782
          ],
          "raw_fit_seconds": [
            0.47216999999363907,
            0.33090674999402836,
            0.3285710839991225,
            0.34291462499822956,
            0.33477287499408703,
            0.3470067080052104,
            0.32888766600808594,
            0.3439213329984341,
            0.3389725409942912,
            0.34343570900091436
          ],
          "raw_predict_seconds": [
            0.0040942909981822595,
            0.0018542079924372956,
            0.032959792006295174,
            0.0019341670122230425,
            0.0017119590047514066,
            0.0018540000019129366,
            0.001868584004114382,
            0.0018454590026522055,
            0.001780000005965121,
            0.005755583988502622
          ]
        },
        {
          "final_loss_mean": 0.1454601287841797,
          "final_loss_std": 0.0,
          "fit_mean_s": 0.1607193126998027,
          "fit_ms_per_round": 1.6071931269980269,
          "fit_std_s": 0.004739421352140636,
          "module": "LGBModule",
          "predict_mean_ms": 16.70305558599648,
          "predict_std_ms": 0.14470456533890522,
          "raw_final_losses": [
            0.1454601287841797,
            0.1454601287841797,
            0.1454601287841797,
            0.1454601287841797,
            0.1454601287841797,
            0.1454601287841797,
            0.1454601287841797,
            0.1454601287841797,
            0.1454601287841797,
            0.1454601287841797
          ],
          "raw_fit_seconds": [
            0.16156549999141134,
            0.15925579200848006,
            0.16728645900730044,
            0.153948124992894,
            0.15313079199404456,
            0.1641677500010701,
            0.1647777500038501,
            0.16496366700448561,
            0.15842429199256003,
            0.15967300000193063
          ],
          "raw_predict_seconds": [
            0.8377266669995151,
            0.844878666990553,
            0.8430130839988124,
            0.8336386670125648,
            0.8375894159980817,
            0.8383651659969473,
            0.8225395420013228,
            0.823837417003233,
            0.8338770840055076,
            0.8360620829917025
          ]
        },
        {
          "final_loss_mean": 0.009151608031243087,
          "final_loss_std": 4.4987154336613406e-10,
          "fit_mean_s": 0.042757000197889285,
          "fit_ms_per_round": 0.42757000197889283,
          "fit_std_s": 0.011263741298025142,
          "module": "GBLinear",
          "predict_mean_ms": 0.0165704179671593,
          "predict_std_ms": 0.0033291009877102424,
          "raw_final_losses": [
            0.009151608683168888,
            0.009151607751846313,
            0.009151607751846313,
            0.009151607751846313,
            0.009151608683168888,
            0.009151607751846313,
            0.009151607751846313,
            0.009151608683168888,
            0.009151607751846313,
            0.009151607751846313
          ],
          "raw_fit_seconds": [
            0.04412179198698141,
            0.03383491700515151,
            0.033384291993570514,
            0.06063333399652038,
            0.034196124994196,
            0.03894708299776539,
            0.03560691699385643,
            0.03650937500060536,
            0.04603191700880416,
            0.06430425000144169
          ],
          "raw_predict_seconds": [
            0.0007377919973805547,
            0.0007343750039581209,
            0.0007389999955194071,
            0.0007387079967884347,
            0.0007432919956045225,
            0.0007257499964907765,
            0.0007382920011878014,
            0.0009986660006688908,
            0.0009069590014405549,
            0.001222374994540587
          ]
        }
      ],
      "run_datetime_utc": "2026-03-28T04:16:03Z",
      "run_key": "2026-03-28T04:16:03Z|0768438fe1519fc7ff4e8aa3c62ff2def5db4596"
    },
    "2026-04-02T01:31:19Z|379f97075489cbb532986334c30eab3130958c93": {
      "commit": "379f97075489cbb532986334c30eab3130958c93",
      "config": {
        "gblinear_lambd": 0.01,
        "gblinear_lr": 0.5,
        "lgb_params": {},
        "n_features": 32,
        "n_rounds": 100,
        "n_samples": 3000,
        "num_threads": 1,
        "output_dim": 1,
        "predict_passes": 50,
        "repeats": 10,
        "seed": 2026,
        "xgb_params": {}
      },
      "git_dirty": false,
      "results": [
        {
          "final_loss_mean": 0.12129667401313782,
          "final_loss_std": 0.0,
          "fit_mean_s": 0.32946425849513616,
          "fit_ms_per_round": 3.2946425849513616,
          "fit_std_s": 0.07507741682288684,
          "module": "XGBModule",
          "predict_mean_ms": 0.08629666792694479,
          "predict_std_ms": 0.1658884055220182,
          "raw_final_losses": [
            0.12129667401313782,
            0.12129667401313782,
            0.12129667401313782,
            0.12129667401313782,
            0.12129667401313782,
            0.12129667401313782,
            0.12129667401313782,
            0.12129667401313782,
            0.12129667401313782,
            0.12129667401313782
          ],
          "raw_fit_seconds": [
            0.5429081659822259,
            0.30788091698195785,
            0.3139176669938024,
            0.30421279201982543,
            0.3020697920001112,
            0.30312279201461934,
            0.3031926669937093,
            0.3043836669821758,
            0.30816624997532926,
            0.3047878750076052
          ],
          "raw_predict_seconds": [
            0.0017139999836217612,
            0.001739958010148257,
            0.027920708991587162,
            0.0016960829962044954,
            0.001582791010150686,
            0.001655250001931563,
            0.0016719579871278256,
            0.0017117919924203306,
            0.0017758339818101376,
            0.0016799590084701777
          ]
        },
        {
          "final_loss_mean": 0.1454601287841797,
          "final_loss_std": 0.0,
          "fit_mean_s": 0.14722785839694552,
          "fit_ms_per_round": 1.4722785839694552,
          "fit_std_s": 0.0018140568021844164,
          "module": "LGBModule",
          "predict_mean_ms": 14.849331415956838,
          "predict_std_ms": 0.2117159423531518,
          "raw_final_losses": [
            0.1454601287841797,
            0.1454601287841797,
            0.1454601287841797,
            0.1454601287841797,
            0.1454601287841797,
            0.1454601287841797,
            0.1454601287841797,
            0.1454601287841797,
            0.1454601287841797,
            0.1454601287841797
          ],